source_file,AnnotatedStopPointRef_CommonName,AnnotatedStopPointRef_Location_Latitude,AnnotatedStopPointRef_Location_Longitude,AnnotatedStopPointRef_StopPointRef
WNGS_A60_WNGSPK113586242A60_20250618_-_57b992f3-c52c-4e3a-ac9c-b6b5c32c9d33.xml,Post Office,51.520114,-0.516764,040000001811
WNGS_A60_WNGSPK113586242A60_20250618_-_57b992f3-c52c-4e3a-ac9c-b6b5c32c9d33.xml,Thorney Lane South,51.504926,-0.502409,040000005040
WNGS_A60_WNGSPK113586242A60_20250618_-_57b992f3-c52c-4e3a-ac9c-b6b5c32c9d33.xml,"Sunnymeads, Welley Road, Park Avenue",51.466093,-0.561202,036006457457
WNGS_A60_WNGSPK113586242A60_20250618_-_57b992f3-c52c-4e3a-ac9c-b6b5c32c9d33.xml,Junior School,51.520928,-0.513566,040000001813
WNGS_A60_WNGSPK113586242A60_20250618_-_57b992f3-c52c-4e3a-ac9c-b6b5c32c9d33.xml,King's Church,51.520735,-0.508283,040000001815
WNGS_A60_WNGSPK113586242A60_20250618_-_57b992f3-c52c-4e3a-ac9c-b6b5c32c9d33.xml,Chequers Orchard,51.520621,-0.507119,040000001845
WNGS_A60_WNGSPK113586242A60_20250618_-_57b992f3-c52c-4e3a-ac9c-b6b5c32c9d33.xml,The Fox & Pheasant PH,51.517281,-0.503322,040000001848
WNGS_A60_WNGSPK113586242A60_20250618_-_57b992f3-c52c-4e3a-ac9c-b6b5c32c9d33.xml,Richings Park,51.507782,-0.504020,040000001844
WNGS_A60_WNGSPK113586242A60_20250618_-_57b992f3-c52c-4e3a-ac9c-b6b5c32c9d33.xml,Sutton Lane North,51.500330,-0.527747,03700096
WNGS_A60_WNGSPK113586242A60_20250618_-_57b992f3-c52c-4e3a-ac9c-b6b5c32c9d33.xml,Sutton Court Farm,51.496358,-0.529387,03700476
WNGS_A60_WNGSPK113586242A60_20250618_-_57b992f3-c52c-4e3a-ac9c-b6b5c32c9d33.xml,Sutton Place,51.489543,-0.534547,03700093
WNGS_A60_WNGSPK113586242A60_20250618_-_57b992f3-c52c-4e3a-ac9c-b6b5c32c9d33.xml,Crown Close,51.485608,-0.529791,03700156
WNGS_A60_WNGSPK113586242A60_20250618_-_57b992f3-c52c-4e3a-ac9c-b6b5c32c9d33.xml,Moreland Avenue,51.483981,-0.531946,03700304
WNGS_A60_WNGSPK113586242A60_20250618_-_57b992f3-c52c-4e3a-ac9c-b6b5c32c9d33.xml,Village Green,51.473991,-0.543185,036006003197
WNGS_A60_WNGSPK113586242A60_20250618_-_57b992f3-c52c-4e3a-ac9c-b6b5c32c9d33.xml,Noble Palace,51.472628,-0.555899,036006466466
WNGS_A60_WNGSPK113586242A60_20250618_-_57b992f3-c52c-4e3a-ac9c-b6b5c32c9d33.xml,The Drive,51.463160,-0.561769,036006459459
WNGS_A60_WNGSPK113586242A60_20250618_-_57b992f3-c52c-4e3a-ac9c-b6b5c32c9d33.xml,Primary School,51.458014,-0.561629,036006002213
WNGS_A60_WNGSPK113586242A60_20250618_-_57b992f3-c52c-4e3a-ac9c-b6b5c32c9d33.xml,"Wraysbury, Windsor Road, The George",51.456890,-0.558627,036006002455
WNGS_A60_WNGSPK113586242A60_20250618_-_57b992f3-c52c-4e3a-ac9c-b6b5c32c9d33.xml,"Wraysbury, High Street, The Perseverance",51.457405,-0.553731,036006473474
WNGS_A60_WNGSPK113586242A60_20250618_-_57b992f3-c52c-4e3a-ac9c-b6b5c32c9d33.xml,Douglas Lane,51.458939,-0.548386,036006763763
WNGS_A60_WNGSPK113586242A60_20250618_-_57b992f3-c52c-4e3a-ac9c-b6b5c32c9d33.xml,"Wraysbury, Station Road, Railway Station",51.458445,-0.541132,036006477477
WNGS_A60_WNGSPK113586242A60_20250618_-_57b992f3-c52c-4e3a-ac9c-b6b5c32c9d33.xml,Coppermill Road South,51.462744,-0.534704,036006478479
WNGS_A60_WNGSPK113586242A60_20250618_-_57b992f3-c52c-4e3a-ac9c-b6b5c32c9d33.xml,Coppermill Road Pier,51.464372,-0.533342,036006501501
WNGS_A60_WNGSPK113586242A60_20250618_-_57b992f3-c52c-4e3a-ac9c-b6b5c32c9d33.xml,Coppermill Road North,51.467700,-0.531234,036006001200
WNGS_A60_WNGSPK113586242A60_20250618_-_57b992f3-c52c-4e3a-ac9c-b6b5c32c9d33.xml,"Wraysbury, Coppermill Road, Stanwell Road",51.469766,-0.530304,036006503503
WNGS_A60_WNGSPK113586242A60_20250618_-_57b992f3-c52c-4e3a-ac9c-b6b5c32c9d33.xml,Golden Cross,51.471472,-0.517778,03700564
WNGS_A60_WNGSPK113586242A60_20250618_-_57b992f3-c52c-4e3a-ac9c-b6b5c32c9d33.xml,Colndale Road,51.475718,-0.517048,03700302
WNGS_A60_WNGSPK113586242A60_20250618_-_57b992f3-c52c-4e3a-ac9c-b6b5c32c9d33.xml,Poyle Road Junction,51.479750,-0.513044,03700165
WNGS_A60_WNGSPK113586242A60_20250618_-_57b992f3-c52c-4e3a-ac9c-b6b5c32c9d33.xml,Galleymead Road,51.479385,-0.509801,03700167
WNGS_A60_WNGSPK113586242A60_20250618_-_57b992f3-c52c-4e3a-ac9c-b6b5c32c9d33.xml,Moor Bridge,51.479120,-0.499460,490010009E
WNGS_A60_WNGSPK113586242A60_20250618_-_57b992f3-c52c-4e3a-ac9c-b6b5c32c9d33.xml,Terminal 5,51.471127,-0.489560,49001643012
WNGS_A60_WNGSPK113586242A60_20250618_-_57b992f3-c52c-4e3a-ac9c-b6b5c32c9d33.xml,Heathrow Terminal 5,51.470663,-0.489844,49001643020
WNGS_A60_WNGSPK113586242A60_20250618_-_57b992f3-c52c-4e3a-ac9c-b6b5c32c9d33.xml,Newbury Road  Compass Centre,51.481098,-0.465910,490010197E
WNGS_A60_WNGSPK113586242A60_20250618_-_57b992f3-c52c-4e3a-ac9c-b6b5c32c9d33.xml,"Heathrow, Central Bus Station",51.471540,-0.452590,490008016S
WNGS_BL1_WNGSUZ0000HCLBL1BL1_20250312_-_f59c3213-7316-4cb7-8076-a536068376db.xml,Bedfont Lakes,51.447901,-0.444370,490003787W
WNGS_BL1_WNGSUZ0000HCLBL1BL1_20250312_-_f59c3213-7316-4cb7-8076-a536068376db.xml,Feltham Railway Station,51.447887,-0.411141,490001107A
WNGS_BL1_WNGSUZ0000HCLBL1BL1_20250312_-_f59c3213-7316-4cb7-8076-a536068376db.xml,Bedfont Lakes,51.447996,-0.444064,490003787S
WNGS_BL2_WNGSUZ0000HCLBL2BL2_20250217_-_c57f37a2-ea81-48fe-9514-a1fa40e56398.xml,Bedfont Lakes,51.447901,-0.444370,490003787W
WNGS_BL2_WNGSUZ0000HCLBL2BL2_20250217_-_c57f37a2-ea81-48fe-9514-a1fa40e56398.xml,Bedfont Lakes,51.447996,-0.444064,490003787S
WNGS_BL2_WNGSUZ0000HCLBL2BL2_20250217_-_c57f37a2-ea81-48fe-9514-a1fa40e56398.xml,Heathrow Terminal 4,51.459585,-0.445821,490000104N
WNGS_BL2_WNGSUZ0000HCLBL2BL2_20250217_-_c57f37a2-ea81-48fe-9514-a1fa40e56398.xml,Hatton Cross Station (Stop C),51.466908,-0.423231,490000103C
WNGS_BL2_WNGSUZ0000HCLBL2BL2_20250217_-_c57f37a2-ea81-48fe-9514-a1fa40e56398.xml,Hatton Cross Station Stop B,,,49008024W
WNGS_BL2_WNGSUZ0000HCLBL2BL2_20250217_-_c57f37a2-ea81-48fe-9514-a1fa40e56398.xml,Hatton Cross Station,51.466774,-0.423342,490000103D
WNGS_H2B_WNGSUZ0000HCLH2BH2B_20250617_-_03192a68-605f-48c8-a487-29dfb71a6eb2.xml,"Terminal 2, Arrivals",51.469572,-0.452350,490020201W
WNGS_H2B_WNGSUZ0000HCLH2BH2B_20250617_-_03192a68-605f-48c8-a487-29dfb71a6eb2.xml,Heathrow Terminal 2 (Bus stop 9 & 10),51.469620,-0.451840,490020201WH
WNGS_H2B_WNGSUZ0000HCLH2BH2B_20250617_-_03192a68-605f-48c8-a487-29dfb71a6eb2.xml,"Terminal 3, Arrivals",51.472708,-0.456608,490008026E
WNGS_H2B_WNGSUZ0000HCLH2BH2B_20250617_-_03192a68-605f-48c8-a487-29dfb71a6eb2.xml,Heathrow Terminal 3 Departures,51.472760,-0.456760,490008026WH
WNGS_H2B_WNGSUZ0000HCLH2BH2B_20250617_-_03192a68-605f-48c8-a487-29dfb71a6eb2.xml,Holiday Inn M4/J4,51.494758,-0.456514,490020168S
WNGS_H2B_WNGSUZ0000HCLH2BH2B_20250617_-_03192a68-605f-48c8-a487-29dfb71a6eb2.xml,"Harmondsworth, Sheraton Heathrow",51.483223,-0.481354,490020178N
WNGS_H2B_WNGSUZ0000HCLH2BH2B_20250617_-_03192a68-605f-48c8-a487-29dfb71a6eb2.xml,Hyatt Place,51.481911,-0.467909,490020155E
WNGS_H2B_WNGSUZ0000HCLH2BH2B_20250617_-_03192a68-605f-48c8-a487-29dfb71a6eb2.xml,Holiday Inn Staybridge,51.481600,-0.461300,490020173E
WNGS_H2B_WNGSUZ0000HCLH2BH2B_20250617_-_03192a68-605f-48c8-a487-29dfb71a6eb2.xml,Leonardo,51.481529,-0.457468,490020167E
WNGS_H2B_WNGSUZ0000HCLH2BH2B_20250617_-_03192a68-605f-48c8-a487-29dfb71a6eb2.xml,Radisson Red,51.482416,-0.451267,490020172S
WNGS_H2B_WNGSUZ0000HCLH2BH2B_20250617_-_03192a68-605f-48c8-a487-29dfb71a6eb2.xml,Heathrow Terminal 3 Departures (Set down only),51.470978,-0.457482,49000802621
WNGS_H2C_WNGSUZ0000HCLH2CH2C_20250617_-_5dd0b022-0ac3-4ccb-abe7-3a572c279c0c.xml,"Terminal 2, Arrivals",51.469572,-0.452350,490020201W
WNGS_H2C_WNGSUZ0000HCLH2CH2C_20250617_-_5dd0b022-0ac3-4ccb-abe7-3a572c279c0c.xml,Heathrow Terminal 2 (Bus stop 9 & 10),51.469620,-0.451840,490020201WH
WNGS_H2C_WNGSUZ0000HCLH2CH2C_20250617_-_5dd0b022-0ac3-4ccb-abe7-3a572c279c0c.xml,"Terminal 3, Arrivals",51.472708,-0.456608,490008026E
WNGS_H2C_WNGSUZ0000HCLH2CH2C_20250617_-_5dd0b022-0ac3-4ccb-abe7-3a572c279c0c.xml,Heathrow Airport Terminal 3 Departures,51.470972,-0.457133,49000802620
WNGS_H2C_WNGSUZ0000HCLH2CH2C_20250617_-_5dd0b022-0ac3-4ccb-abe7-3a572c279c0c.xml,Heathrow Terminal 3 Departures,51.471890,-0.456750,490008026W
WNGS_H2C_WNGSUZ0000HCLH2CH2C_20250617_-_5dd0b022-0ac3-4ccb-abe7-3a572c279c0c.xml,Heathrow Terminal 3 Departures,51.472760,-0.456760,490008026WH
WNGS_H2C_WNGSUZ0000HCLH2CH2C_20250617_-_5dd0b022-0ac3-4ccb-abe7-3a572c279c0c.xml,Radisson Red,51.482416,-0.451267,490020172S
WNGS_H2C_WNGSUZ0000HCLH2CH2C_20250617_-_5dd0b022-0ac3-4ccb-abe7-3a572c279c0c.xml,"Sipson, Nene Road (Stop BJ)",51.481438,-0.448205,490012176E
WNGS_H2C_WNGSUZ0000HCLH2CH2C_20250617_-_5dd0b022-0ac3-4ccb-abe7-3a572c279c0c.xml,Sheraton Skyline,51.481111,-0.436731,490020179W
WNGS_H2C_WNGSUZ0000HCLH2CH2C_20250617_-_5dd0b022-0ac3-4ccb-abe7-3a572c279c0c.xml,Best Western Ariel,51.481023,-0.433695,490020165S
WNGS_H2C_WNGSUZ0000HCLH2CH2C_20250617_-_5dd0b022-0ac3-4ccb-abe7-3a572c279c0c.xml,Courtyard Marriott,51.481380,-0.432568,490020170C
WNGS_H2C_WNGSUZ0000HCLH2CH2C_20250617_-_5dd0b022-0ac3-4ccb-abe7-3a572c279c0c.xml,Ibis,51.480710,-0.430707,490020169E
WNGS_H2C_WNGSUZ0000HCLH2CH2C_20250617_-_5dd0b022-0ac3-4ccb-abe7-3a572c279c0c.xml,Premier Inn Bath Road,51.479614,-0.424533,490020173N
WNGS_H2C_WNGSUZ0000HCLH2CH2C_20250617_-_5dd0b022-0ac3-4ccb-abe7-3a572c279c0c.xml,Heathrow Terminal 3 Departures (Set down only),51.470978,-0.457482,49000802621
WNGS_H2D_WNGSUZ0000HCLH2DH2D_20250617_-_7e52de39-054f-45f9-9239-58ddd53e620b.xml,"Terminal 2, Arrivals",51.469572,-0.452350,490020201W
WNGS_H2D_WNGSUZ0000HCLH2DH2D_20250617_-_7e52de39-054f-45f9-9239-58ddd53e620b.xml,Heathrow Terminal 2 (Bus stop 9 & 10),51.469620,-0.451840,490020201WH
WNGS_H2D_WNGSUZ0000HCLH2DH2D_20250617_-_7e52de39-054f-45f9-9239-58ddd53e620b.xml,"Terminal 3, Arrivals",51.472708,-0.456608,490008026E
WNGS_H2D_WNGSUZ0000HCLH2DH2D_20250617_-_7e52de39-054f-45f9-9239-58ddd53e620b.xml,Heathrow Terminal 3 Departures,51.472760,-0.456760,490008026WH
WNGS_H2D_WNGSUZ0000HCLH2DH2D_20250617_-_7e52de39-054f-45f9-9239-58ddd53e620b.xml,Heathrow Terminal 3 Departures,51.471890,-0.456750,490008026W
WNGS_H2D_WNGSUZ0000HCLH2DH2D_20250617_-_7e52de39-054f-45f9-9239-58ddd53e620b.xml,"Radisson Blu Hotel, London Heathrow",51.481246,-0.441306,490020176E
WNGS_H2D_WNGSUZ0000HCLH2DH2D_20250617_-_7e52de39-054f-45f9-9239-58ddd53e620b.xml,DoubleTree by Hilton,51.480113,-0.411059,490020159E
WNGS_H2D_WNGSUZ0000HCLH2DH2D_20250617_-_7e52de39-054f-45f9-9239-58ddd53e620b.xml,Ibis Budget Central,51.478563,-0.409140,490020182E
WNGS_H2D_WNGSUZ0000HCLH2DH2D_20250617_-_7e52de39-054f-45f9-9239-58ddd53e620b.xml,Moxy Hotel,51.480641,-0.415217,490005704W
WNGS_H2D_WNGSUZ0000HCLH2DH2D_20250617_-_7e52de39-054f-45f9-9239-58ddd53e620b.xml,Premier Inn Bath Road,51.479614,-0.424533,490020173N
WNGS_H2D_WNGSUZ0000HCLH2DH2D_20250617_-_7e52de39-054f-45f9-9239-58ddd53e620b.xml,Heathrow Airport Terminal 3 Departures,51.470972,-0.457133,49000802620
WNGS_H2D_WNGSUZ0000HCLH2DH2D_20250617_-_7e52de39-054f-45f9-9239-58ddd53e620b.xml,Terminal 2 ARR,,,49002020W4
WNGS_H2D_WNGSUZ0000HCLH2DH2D_20250617_-_7e52de39-054f-45f9-9239-58ddd53e620b.xml,Heathrow Terminal 3 Departures (Set down only),51.470978,-0.457482,49000802621
WNGS_H2H_WNGSUZ0000HCLH2HH2H_20250728_-_0f9606f5-1829-4fb2-8d1c-a7cc00026fb9.xml,Holiday Inn Staybridge,51.481600,-0.461300,490020173E
WNGS_H2H_WNGSUZ0000HCLH2HH2H_20250728_-_0f9606f5-1829-4fb2-8d1c-a7cc00026fb9.xml,Leonardo,51.481529,-0.457468,490020167E
WNGS_H2H_WNGSUZ0000HCLH2HH2H_20250728_-_0f9606f5-1829-4fb2-8d1c-a7cc00026fb9.xml,Heathrow Terminal 3 Departures (Set down only),51.470978,-0.457482,49000802621
WNGS_H2H_WNGSUZ0000HCLH2HH2H_20250728_-_0f9606f5-1829-4fb2-8d1c-a7cc00026fb9.xml,Heathrow Terminal 2 (Bus stop 9 & 10),51.469620,-0.451840,490020201WH
WNGS_H2P_WNGSUZ0000HCLH2PH2P_20250401_-_4243bea4-41cd-46d9-b6aa-14a01c0a78e1.xml,Premier Inn Bath Road,51.479614,-0.424533,490020173N
WNGS_H2P_WNGSUZ0000HCLH2PH2P_20250401_-_4243bea4-41cd-46d9-b6aa-14a01c0a78e1.xml,Heathrow Terminal 3 Departures,51.472760,-0.456760,490008026WH
WNGS_H2P_WNGSUZ0000HCLH2PH2P_20250401_-_4243bea4-41cd-46d9-b6aa-14a01c0a78e1.xml,Heathrow Terminal 3 Departures (Set down only),51.470978,-0.457482,49000802621
WNGS_H2P_WNGSUZ0000HCLH2PH2P_20250401_-_4243bea4-41cd-46d9-b6aa-14a01c0a78e1.xml,Heathrow Terminal 2 (Bus stop 9 & 10),51.469620,-0.451840,490020201WH
WNGS_H2R_WNGSUZ0000HCLH2RH2R_20250331_-_b2f4fbf8-2fe3-4d8d-9039-337c1645bf12.xml,"Radisson Blu Hotel, London Heathrow",51.481246,-0.441306,490020176E
WNGS_H2R_WNGSUZ0000HCLH2RH2R_20250331_-_b2f4fbf8-2fe3-4d8d-9039-337c1645bf12.xml,Ibis,51.480710,-0.430707,490020169E
WNGS_H2R_WNGSUZ0000HCLH2RH2R_20250331_-_b2f4fbf8-2fe3-4d8d-9039-337c1645bf12.xml,Heathrow Terminal 3 Departures,51.472760,-0.456760,490008026WH
WNGS_H2R_WNGSUZ0000HCLH2RH2R_20250331_-_b2f4fbf8-2fe3-4d8d-9039-337c1645bf12.xml,Heathrow Terminal 2 (Bus stop 9 & 10),51.469620,-0.451840,490020201WH
WNGS_H2X_WNGSUZ0000HCLH2XH2X_20250331_-_0f385f1d-4ef9-4abf-b83c-aa2887940c62.xml,"Terminal 2, Arrivals",51.469572,-0.452350,490020201W
WNGS_H2X_WNGSUZ0000HCLH2XH2X_20250331_-_0f385f1d-4ef9-4abf-b83c-aa2887940c62.xml,Heathrow Terminal 2 (Bus stop 9 & 10),51.469620,-0.451840,490020201WH
WNGS_H2X_WNGSUZ0000HCLH2XH2X_20250331_-_0f385f1d-4ef9-4abf-b83c-aa2887940c62.xml,"Terminal 3, Arrivals",51.472708,-0.456608,490008026E
WNGS_H2X_WNGSUZ0000HCLH2XH2X_20250331_-_0f385f1d-4ef9-4abf-b83c-aa2887940c62.xml,Heathrow Terminal 3 Departures,51.472760,-0.456760,490008026WH
WNGS_H2X_WNGSUZ0000HCLH2XH2X_20250331_-_0f385f1d-4ef9-4abf-b83c-aa2887940c62.xml,Renaissance,51.480748,-0.446153,490020177W
WNGS_H2X_WNGSUZ0000HCLH2XH2X_20250331_-_0f385f1d-4ef9-4abf-b83c-aa2887940c62.xml,Heathrow Airport Terminal 3 Departures,51.470972,-0.457133,49000802620
WNGS_H30_WNGSUZ0000HCLH30H30_20241025_-_8c0e45a0-91af-41eb-a061-4e3ea59e38c9.xml,Hatton Cross Station (SW-bound),51.466991,-0.423326,490000103A
WNGS_H30_WNGSUZ0000HCLH30H30_20241025_-_8c0e45a0-91af-41eb-a061-4e3ea59e38c9.xml,Heathrow Central Bus Station,51.471369,-0.453680,4900801620
WNGS_H30_WNGSUZ0000HCLH30H30_20241025_-_8c0e45a0-91af-41eb-a061-4e3ea59e38c9.xml,"Hatton Cross Station, Stop E",51.467343,-0.422833,490000103F
WNGS_H30_WNGSUZ0000HCLH30H30_20241025_-_8c0e45a0-91af-41eb-a061-4e3ea59e38c9.xml,"Hatton Cross Station, Stop A",51.466743,-0.423718,490000103E
WNGS_H30_WNGSUZ0000HCLH30H30_20241025_-_8c0e45a0-91af-41eb-a061-4e3ea59e38c9.xml,Heathrow Terminal 4,51.459585,-0.445821,490000104N
WNGS_H30_WNGSUZ0000HCLH30H30_20241025_-_8c0e45a0-91af-41eb-a061-4e3ea59e38c9.xml,"Cargo, Sealand Rd",51.458719,-0.460643,490004355N
WNGS_H30_WNGSUZ0000HCLH30H30_20241025_-_8c0e45a0-91af-41eb-a061-4e3ea59e38c9.xml,"Cargo, Stirling Rd",51.458771,-0.468054,490015440S
WNGS_H30_WNGSUZ0000HCLH30H30_20241025_-_8c0e45a0-91af-41eb-a061-4e3ea59e38c9.xml,Heathrow Terminal 5,51.470663,-0.489844,49001643020
WNGS_H30_WNGSUZ0000HCLH30H30_20241025_-_8c0e45a0-91af-41eb-a061-4e3ea59e38c9.xml,"BA Waterside, Speedbird Way",51.484007,-0.491924,490018874S
WNGS_H30_WNGSUZ0000HCLH30H30_20241025_-_8c0e45a0-91af-41eb-a061-4e3ea59e38c9.xml,"Compass Centre, Bath Rd",51.481537,-0.467854,490005530E
WNGS_H30_WNGSUZ0000HCLH30H30_20241025_-_8c0e45a0-91af-41eb-a061-4e3ea59e38c9.xml,"Compass Centre, Bath Road",51.481000,-0.463100,490008014W
WNGS_H5B_WNGSUZ0000HCLH5BH5B_20250331_-_5df1cf08-ad55-42a9-8f4e-a73fa55a2d37.xml,Terminal 5,51.470294,-0.489817,49001643017
WNGS_H5B_WNGSUZ0000HCLH5BH5B_20250331_-_5df1cf08-ad55-42a9-8f4e-a73fa55a2d37.xml,Premier Inn T5,51.481826,-0.482006,490020175E
WNGS_H5B_WNGSUZ0000HCLH5BH5B_20250331_-_5df1cf08-ad55-42a9-8f4e-a73fa55a2d37.xml,"Harmondsworth, Sheraton Heathrow",51.483223,-0.481354,490020178N
WNGS_H5B_WNGSUZ0000HCLH5BH5B_20250331_-_5df1cf08-ad55-42a9-8f4e-a73fa55a2d37.xml,Hyatt Place,51.481911,-0.467909,490020155E
WNGS_H5B_WNGSUZ0000HCLH5BH5B_20250331_-_5df1cf08-ad55-42a9-8f4e-a73fa55a2d37.xml,Holiday Inn Staybridge,51.481600,-0.461300,490020173E
WNGS_H5B_WNGSUZ0000HCLH5BH5B_20250331_-_5df1cf08-ad55-42a9-8f4e-a73fa55a2d37.xml,Leonardo,51.481529,-0.457468,490020167E
WNGS_H5B_WNGSUZ0000HCLH5BH5B_20250331_-_5df1cf08-ad55-42a9-8f4e-a73fa55a2d37.xml,Radisson Red,51.482416,-0.451267,490020172S
WNGS_H5B_WNGSUZ0000HCLH5BH5B_20250331_-_5df1cf08-ad55-42a9-8f4e-a73fa55a2d37.xml,Holiday Inn M4/J4,51.494758,-0.456514,490020168S
WNGS_H5C_WNGSUZ0000HCLH5CH5C_20250331_-_4a598488-48ae-4c2f-9f07-dfa4fd78f2cb.xml,Terminal 5,51.470294,-0.489817,49001643017
WNGS_H5C_WNGSUZ0000HCLH5CH5C_20250331_-_4a598488-48ae-4c2f-9f07-dfa4fd78f2cb.xml,"Sipson, Nene Road (Stop BJ)",51.481438,-0.448205,490012176E
WNGS_H5C_WNGSUZ0000HCLH5CH5C_20250331_-_4a598488-48ae-4c2f-9f07-dfa4fd78f2cb.xml,Sheraton Skyline,51.481111,-0.436731,490020179W
WNGS_H5C_WNGSUZ0000HCLH5CH5C_20250331_-_4a598488-48ae-4c2f-9f07-dfa4fd78f2cb.xml,Courtyard Marriott,51.481380,-0.432568,490020170C
WNGS_H5C_WNGSUZ0000HCLH5CH5C_20250331_-_4a598488-48ae-4c2f-9f07-dfa4fd78f2cb.xml,Ibis,51.480710,-0.430707,490020169E
WNGS_H5C_WNGSUZ0000HCLH5CH5C_20250331_-_4a598488-48ae-4c2f-9f07-dfa4fd78f2cb.xml,Premier Inn Bath Road,51.479614,-0.424533,490020173N
WNGS_H5D_WNGSUZ0000HCLH5DH5D_20250331_-_f3995014-59fe-45fc-9dbd-ac720f19d02b.xml,Terminal 5,51.470294,-0.489817,49001643017
WNGS_H5D_WNGSUZ0000HCLH5DH5D_20250331_-_f3995014-59fe-45fc-9dbd-ac720f19d02b.xml,Radisson BLU Edwardian,51.481246,-0.441306,490020176E
WNGS_H5D_WNGSUZ0000HCLH5DH5D_20250331_-_f3995014-59fe-45fc-9dbd-ac720f19d02b.xml,DoubleTree by Hilton,51.480113,-0.411059,490020159E
WNGS_H5D_WNGSUZ0000HCLH5DH5D_20250331_-_f3995014-59fe-45fc-9dbd-ac720f19d02b.xml,Ibis Budget Central,51.478563,-0.409140,490020182E
WNGS_H5D_WNGSUZ0000HCLH5DH5D_20250331_-_f3995014-59fe-45fc-9dbd-ac720f19d02b.xml,Moxy Hotel,51.480641,-0.415217,490005704W
WNGS_H5D_WNGSUZ0000HCLH5DH5D_20250331_-_f3995014-59fe-45fc-9dbd-ac720f19d02b.xml,Premier Inn Bath Road,51.479614,-0.424533,490020173N
WNGS_H5H_WNGSPK113586236H5H_20250331_-_98ad6a82-6e62-47d2-945d-49212c5f3439.xml,Terminal 5,51.470294,-0.489817,49001643017
WNGS_H5H_WNGSPK113586236H5H_20250331_-_98ad6a82-6e62-47d2-945d-49212c5f3439.xml,Hilton T5,51.477051,-0.517426,03700535
WNGS_H5H_WNGSPK113586236H5H_20250331_-_98ad6a82-6e62-47d2-945d-49212c5f3439.xml,B&B Hotel London Heathrow,51.480075,-0.512917,03700546
WNGS_H5X_WNGSUZ0000HCLH5XH5X_20250331_-_4556b66b-c6d2-466b-b5fe-621176acc5c9.xml,Terminal 5,51.470294,-0.489817,49001643017
WNGS_H5X_WNGSUZ0000HCLH5XH5X_20250331_-_4556b66b-c6d2-466b-b5fe-621176acc5c9.xml,Renaissance,51.480748,-0.446153,490020177W
WNGS_HHL_WNGSUZ0000HCLHHLHHL_20250617_-_167a7c79-a621-4c9d-b73c-66d19f38782a.xml,Heathrow Terminal 2 (Bus stop 9 & 10),51.469620,-0.451840,490020201WH
WNGS_HHL_WNGSUZ0000HCLHHLHHL_20250617_-_167a7c79-a621-4c9d-b73c-66d19f38782a.xml,"Terminal 3, Arrivals",51.472708,-0.456608,490008026E
WNGS_HHL_WNGSUZ0000HCLHHLHHL_20250617_-_167a7c79-a621-4c9d-b73c-66d19f38782a.xml,Heathrow Terminal 3 Departures,51.472760,-0.456760,490008026WH
WNGS_HHL_WNGSUZ0000HCLHHLHHL_20250617_-_167a7c79-a621-4c9d-b73c-66d19f38782a.xml,Heathrow Terminal 3 Departures (Set down only),51.470978,-0.457482,49000802621
WNGS_HHL_WNGSUZ0000HCLHHLHHL_20250617_-_167a7c79-a621-4c9d-b73c-66d19f38782a.xml,Nene Road Roundabout,51.479570,-0.450610,490010174E
WNGS_HHL_WNGSUZ0000HCLHHLHHL_20250617_-_167a7c79-a621-4c9d-b73c-66d19f38782a.xml,"Harlington, Hatton Road North (Stop K)",51.479478,-0.432487,490010377F
WNGS_HHL_WNGSUZ0000HCLHHLHHL_20250617_-_167a7c79-a621-4c9d-b73c-66d19f38782a.xml,"Hatton Cross, Eastchurch Road (Stop S-bound)",51.477068,-0.426464,490010349S
WNGS_HHL_WNGSUZ0000HCLHHLHHL_20250617_-_167a7c79-a621-4c9d-b73c-66d19f38782a.xml,Envoy Avenue,,,490017652W
WNGS_HHL_WNGSUZ0000HCLHHLHHL_20250617_-_167a7c79-a621-4c9d-b73c-66d19f38782a.xml,Hilton Garden Inn,51.468259,-0.419338,490020170E
WNGS_HHL_WNGSUZ0000HCLHHLHHL_20250617_-_167a7c79-a621-4c9d-b73c-66d19f38782a.xml,"Heathrow Airport, Sheffield Way (W-bound)",51.460096,-0.438981,490012056W
WNGS_HHL_WNGSUZ0000HCLHHLHHL_20250617_-_167a7c79-a621-4c9d-b73c-66d19f38782a.xml,Crowne Plaza/Holiday Inn Express T4,51.459184,-0.443194,4900201CPH
WNGS_HHL_WNGSUZ0000HCLHHLHHL_20250617_-_167a7c79-a621-4c9d-b73c-66d19f38782a.xml,Premier Inn T4,,,4900201PIT4
WNGS_HHL_WNGSUZ0000HCLHHLHHL_20250617_-_167a7c79-a621-4c9d-b73c-66d19f38782a.xml,Hilton T4,51.458955,-0.441064,490020163N
WNGS_HHL_WNGSUZ0000HCLHHLHHL_20250617_-_167a7c79-a621-4c9d-b73c-66d19f38782a.xml,Terminal 5,51.470294,-0.489817,49001643017
WNGS_N30_WNGSUZ0000HCLN30N30_20250610_-_301e9a84-fcef-4c78-ae73-c46a11d5917f.xml,Rosemont Road,51.509331,-0.272969,490012681N
WNGS_N30_WNGSUZ0000HCLN30N30_20250610_-_301e9a84-fcef-4c78-ae73-c46a11d5917f.xml,King Street (W3),51.507894,-0.273081,490008835D
WNGS_N30_WNGSUZ0000HCLN30N30_20250610_-_301e9a84-fcef-4c78-ae73-c46a11d5917f.xml,Mill Hill Road,51.506064,-0.278265,490003077P
WNGS_N30_WNGSUZ0000HCLN30N30_20250610_-_301e9a84-fcef-4c78-ae73-c46a11d5917f.xml,Acton Town,51.502731,-0.280985,490000002A
WNGS_N30_WNGSUZ0000HCLN30N30_20250610_-_301e9a84-fcef-4c78-ae73-c46a11d5917f.xml,Acton Fire Station,51.507440,-0.277032,490003075Q
WNGS_N30_WNGSUZ0000HCLN30N30_20250610_-_301e9a84-fcef-4c78-ae73-c46a11d5917f.xml,Hillcrest Road (W3),51.506280,-0.278272,490003077T
WNGS_N30_WNGSUZ0000HCLN30N30_20250610_-_301e9a84-fcef-4c78-ae73-c46a11d5917f.xml,Gunnersbury Avenue (W3),51.501225,-0.284355,490007602W
WNGS_N30_WNGSUZ0000HCLN30N30_20250610_-_301e9a84-fcef-4c78-ae73-c46a11d5917f.xml,Acton Town,51.504019,-0.279841,490000002B
WNGS_N30_WNGSUZ0000HCLN30N30_20250610_-_301e9a84-fcef-4c78-ae73-c46a11d5917f.xml,Acton Town,51.502934,-0.280689,490000002RB7
WNGS_N30_WNGSUZ0000HCLN30N30_20250610_-_301e9a84-fcef-4c78-ae73-c46a11d5917f.xml,Gunnersbury Park,51.500914,-0.288920,490010522W
WNGS_N30_WNGSUZ0000HCLN30N30_20250610_-_301e9a84-fcef-4c78-ae73-c46a11d5917f.xml,Knights Avenue,51.501290,-0.294972,490008874W
WNGS_N30_WNGSUZ0000HCLN30N30_20250610_-_301e9a84-fcef-4c78-ae73-c46a11d5917f.xml,Gunnersbury Avenue (W3),51.501645,-0.283518,490007602E
WNGS_N30_WNGSUZ0000HCLN30N30_20250610_-_301e9a84-fcef-4c78-ae73-c46a11d5917f.xml,Gunnersbury Park,51.500910,-0.288012,490010522E
WNGS_N30_WNGSUZ0000HCLN30N30_20250610_-_301e9a84-fcef-4c78-ae73-c46a11d5917f.xml,South Ealing Road,51.498439,-0.304889,490012276W
WNGS_N30_WNGSUZ0000HCLN30N30_20250610_-_301e9a84-fcef-4c78-ae73-c46a11d5917f.xml,Knights Avenue,51.501655,-0.294093,490008874E
WNGS_N30_WNGSUZ0000HCLN30N30_20250610_-_301e9a84-fcef-4c78-ae73-c46a11d5917f.xml,Lionel Road North,51.499948,-0.299200,490009201E
WNGS_N30_WNGSUZ0000HCLN30N30_20250610_-_301e9a84-fcef-4c78-ae73-c46a11d5917f.xml,The Ride,51.492283,-0.317665,490013524S
WNGS_N30_WNGSUZ0000HCLN30N30_20250610_-_301e9a84-fcef-4c78-ae73-c46a11d5917f.xml,Manor Vale,51.490569,-0.316043,490009593S
WNGS_N30_WNGSUZ0000HCLN30N30_20250610_-_301e9a84-fcef-4c78-ae73-c46a11d5917f.xml,South Ealing Road,51.498158,-0.306629,490012276E
WNGS_N30_WNGSUZ0000HCLN30N30_20250610_-_301e9a84-fcef-4c78-ae73-c46a11d5917f.xml,Great West Road  Boston Manor Road,51.488605,-0.313897,490007424S
WNGS_N30_WNGSUZ0000HCLN30N30_20250610_-_301e9a84-fcef-4c78-ae73-c46a11d5917f.xml,Boston Manor Road,51.487071,-0.316028,490007421P
WNGS_N30_WNGSUZ0000HCLN30N30_20250610_-_301e9a84-fcef-4c78-ae73-c46a11d5917f.xml,West Cross Way,51.485212,-0.320619,490014417W
WNGS_N30_WNGSUZ0000HCLN30N30_20250610_-_301e9a84-fcef-4c78-ae73-c46a11d5917f.xml,St Francis Of Assisi Church,51.482819,-0.331263,490012686W
WNGS_N30_WNGSUZ0000HCLN30N30_20250610_-_301e9a84-fcef-4c78-ae73-c46a11d5917f.xml,Wood Lane Osterley,51.482604,-0.335707,490014873W
WNGS_N30_WNGSUZ0000HCLN30N30_20250610_-_301e9a84-fcef-4c78-ae73-c46a11d5917f.xml,Ridgeway Road  Great West Road,51.482251,-0.342518,490011577W
WNGS_N30_WNGSUZ0000HCLN30N30_20250610_-_301e9a84-fcef-4c78-ae73-c46a11d5917f.xml,Osterley Library,51.481820,-0.346422,490010658G
WNGS_N30_WNGSUZ0000HCLN30N30_20250610_-_301e9a84-fcef-4c78-ae73-c46a11d5917f.xml,Ealing Park Gardens,51.494018,-0.313870,490006294N
WNGS_N30_WNGSUZ0000HCLN30N30_20250610_-_301e9a84-fcef-4c78-ae73-c46a11d5917f.xml,Osterley,51.480655,-0.351778,490000171B
WNGS_N30_WNGSUZ0000HCLN30N30_20250610_-_301e9a84-fcef-4c78-ae73-c46a11d5917f.xml,Gresham Road,51.479698,-0.357962,490007524W
WNGS_N30_WNGSUZ0000HCLN30N30_20250610_-_301e9a84-fcef-4c78-ae73-c46a11d5917f.xml,St Faith's Church,51.491102,-0.310535,490012682N
WNGS_N30_WNGSUZ0000HCLN30N30_20250610_-_301e9a84-fcef-4c78-ae73-c46a11d5917f.xml,Windmill Road South Ealing,51.489895,-0.309773,490014772Q
WNGS_N30_WNGSUZ0000HCLN30N30_20250610_-_301e9a84-fcef-4c78-ae73-c46a11d5917f.xml,Lampton Road,51.478984,-0.363489,490008925W
WNGS_N30_WNGSUZ0000HCLN30N30_20250610_-_301e9a84-fcef-4c78-ae73-c46a11d5917f.xml,Sutton Lane Great West Road,51.477939,-0.371720,490013078W
WNGS_N30_WNGSUZ0000HCLN30N30_20250610_-_301e9a84-fcef-4c78-ae73-c46a11d5917f.xml,Boston Manor Road,51.487940,-0.314520,490007424O
WNGS_N30_WNGSUZ0000HCLN30N30_20250610_-_301e9a84-fcef-4c78-ae73-c46a11d5917f.xml,West Cross Way,51.485390,-0.320750,490014417E
WNGS_N30_WNGSUZ0000HCLN30N30_20250610_-_301e9a84-fcef-4c78-ae73-c46a11d5917f.xml,Burton Gardens,51.477070,-0.378447,490004629W
WNGS_N30_WNGSUZ0000HCLN30N30_20250610_-_301e9a84-fcef-4c78-ae73-c46a11d5917f.xml,Vicarage Farm Road,51.476430,-0.382891,490014037W
WNGS_N30_WNGSUZ0000HCLN30N30_20250610_-_301e9a84-fcef-4c78-ae73-c46a11d5917f.xml,West Cross Centre,51.483990,-0.324490,490014416D
WNGS_N30_WNGSUZ0000HCLN30N30_20250610_-_301e9a84-fcef-4c78-ae73-c46a11d5917f.xml,Gillette Corner,51.483230,-0.328590,490007179E
WNGS_N30_WNGSUZ0000HCLN30N30_20250610_-_301e9a84-fcef-4c78-ae73-c46a11d5917f.xml,Great West Road  Basildene Road,51.474633,-0.392156,490007425W
WNGS_N30_WNGSUZ0000HCLN30N30_20250610_-_301e9a84-fcef-4c78-ae73-c46a11d5917f.xml,Henlys Roundabout,51.474763,-0.397090,490015462W
WNGS_N30_WNGSUZ0000HCLN30N30_20250610_-_301e9a84-fcef-4c78-ae73-c46a11d5917f.xml,St Francis Of Assisi Church,51.482990,-0.331550,490012686E
WNGS_N30_WNGSUZ0000HCLN30N30_20250610_-_301e9a84-fcef-4c78-ae73-c46a11d5917f.xml,Wood Lane Osterley,51.482680,-0.337740,490014873E
WNGS_N30_WNGSUZ0000HCLN30N30_20250610_-_301e9a84-fcef-4c78-ae73-c46a11d5917f.xml,Grantley Road,51.473692,-0.400324,490007370W
WNGS_N30_WNGSUZ0000HCLN30N30_20250610_-_301e9a84-fcef-4c78-ae73-c46a11d5917f.xml,The Parkway Hatton,51.472473,-0.403866,490013285W
WNGS_N30_WNGSUZ0000HCLN30N30_20250610_-_301e9a84-fcef-4c78-ae73-c46a11d5917f.xml,Ridgeway Road / Great West Road,51.482480,-0.342550,490011577E
WNGS_N30_WNGSUZ0000HCLN30N30_20250610_-_301e9a84-fcef-4c78-ae73-c46a11d5917f.xml,Osterley Library,51.482190,-0.345280,490010658F
WNGS_N30_WNGSUZ0000HCLN30N30_20250610_-_301e9a84-fcef-4c78-ae73-c46a11d5917f.xml,Girling Way,51.469206,-0.413627,490007196W
WNGS_N30_WNGSUZ0000HCLN30N30_20250610_-_301e9a84-fcef-4c78-ae73-c46a11d5917f.xml,Osterley,51.480872,-0.351886,490000171A
WNGS_N30_WNGSUZ0000HCLN30N30_20250610_-_301e9a84-fcef-4c78-ae73-c46a11d5917f.xml,Gresham Road,51.479924,-0.358012,490007524E
WNGS_N30_WNGSUZ0000HCLN30N30_20250610_-_301e9a84-fcef-4c78-ae73-c46a11d5917f.xml,"Hatton Cross Station, Stop A",51.466743,-0.423718,490000103E
WNGS_N30_WNGSUZ0000HCLN30N30_20250610_-_301e9a84-fcef-4c78-ae73-c46a11d5917f.xml,Lampton Road,51.479196,-0.363827,490008925E
WNGS_N30_WNGSUZ0000HCLN30N30_20250610_-_301e9a84-fcef-4c78-ae73-c46a11d5917f.xml,Sutton Lane Great West Road,51.477929,-0.374241,490013078E
WNGS_N30_WNGSUZ0000HCLN30N30_20250610_-_301e9a84-fcef-4c78-ae73-c46a11d5917f.xml,Greencroft Road,51.477259,-0.378498,490007436E
WNGS_N30_WNGSUZ0000HCLN30N30_20250610_-_301e9a84-fcef-4c78-ae73-c46a11d5917f.xml,Henlys Roundabout,51.474570,-0.398710,490015462E
WNGS_N30_WNGSUZ0000HCLN30N30_20250610_-_301e9a84-fcef-4c78-ae73-c46a11d5917f.xml,Grantley Road,51.473866,-0.400505,490007370E
WNGS_N30_WNGSUZ0000HCLN30N30_20250610_-_301e9a84-fcef-4c78-ae73-c46a11d5917f.xml,The Parkway Hatton,51.472787,-0.403855,490013285E
WNGS_N30_WNGSUZ0000HCLN30N30_20250610_-_301e9a84-fcef-4c78-ae73-c46a11d5917f.xml,Girling Way,51.469775,-0.412441,490007196E
WNGS_N30_WNGSUZ0000HCLN30N30_20250610_-_301e9a84-fcef-4c78-ae73-c46a11d5917f.xml,Hatton Cross Station,51.466774,-0.423342,490000103D
WNGS_N30_WNGSUZ0000HCLN30N30_20250610_-_301e9a84-fcef-4c78-ae73-c46a11d5917f.xml,"Heathrow Airport Terminal 4, Starlight Way (E-bound)",51.459999,-0.441086,490012056E
WNGS_N30_WNGSUZ0000HCLN30N30_20250610_-_301e9a84-fcef-4c78-ae73-c46a11d5917f.xml,Heathrow Terminal 4,51.459585,-0.445821,490000104N
WNGS_N30_WNGSUZ0000HCLN30N30_20250610_-_301e9a84-fcef-4c78-ae73-c46a11d5917f.xml,Heathrow Terminal 4,51.459037,-0.446626,490000104E
WNGS_N30_WNGSUZ0000HCLN30N30_20250610_-_301e9a84-fcef-4c78-ae73-c46a11d5917f.xml,"Heathrow Airport, Scylla Road (W-bound)",51.456577,-0.447550,490011963W
WNGS_N30_WNGSUZ0000HCLN30N30_20250610_-_301e9a84-fcef-4c78-ae73-c46a11d5917f.xml,"Cargo, Sealand Rd",51.458719,-0.460643,490004355N
WNGS_N30_WNGSUZ0000HCLN30N30_20250610_-_301e9a84-fcef-4c78-ae73-c46a11d5917f.xml,"Heathrow Airport, Scylla Road (E-bound)",51.456312,-0.449272,490011963E
WNGS_N30_WNGSUZ0000HCLN30N30_20250610_-_301e9a84-fcef-4c78-ae73-c46a11d5917f.xml,"Cargo, Stirling Rd",51.458771,-0.468054,490015440S
WNGS_N30_WNGSUZ0000HCLN30N30_20250610_-_301e9a84-fcef-4c78-ae73-c46a11d5917f.xml,Heathrow Terminal 5,51.470780,-0.489826,49001643021
WNGS_N30_WNGSUZ0000HCLN30N30_20250610_-_301e9a84-fcef-4c78-ae73-c46a11d5917f.xml,Heathrow Terminal 5,51.470663,-0.489844,49001643020
WNGS_N30_WNGSUZ0000HCLN30N30_20250610_-_301e9a84-fcef-4c78-ae73-c46a11d5917f.xml,Newbury Road  Compass Centre,51.481098,-0.465910,490010197E
WNGS_N30_WNGSUZ0000HCLN30N30_20250610_-_301e9a84-fcef-4c78-ae73-c46a11d5917f.xml,Heathrow Central Bus Station,51.471369,-0.453680,4900801620
WNGS_N30_WNGSUZ0000HCLN30N30_20250610_-_57b239d3-b046-49e9-92b1-9410dd7d17d6.xml,Rosemont Road,51.509331,-0.272969,490012681N
WNGS_N30_WNGSUZ0000HCLN30N30_20250610_-_57b239d3-b046-49e9-92b1-9410dd7d17d6.xml,King Street (W3),51.507894,-0.273081,490008835D
WNGS_N30_WNGSUZ0000HCLN30N30_20250610_-_57b239d3-b046-49e9-92b1-9410dd7d17d6.xml,Mill Hill Road,51.506064,-0.278265,490003077P
WNGS_N30_WNGSUZ0000HCLN30N30_20250610_-_57b239d3-b046-49e9-92b1-9410dd7d17d6.xml,Acton Town,51.502731,-0.280985,490000002A
WNGS_N30_WNGSUZ0000HCLN30N30_20250610_-_57b239d3-b046-49e9-92b1-9410dd7d17d6.xml,Acton Fire Station,51.507440,-0.277032,490003075Q
WNGS_N30_WNGSUZ0000HCLN30N30_20250610_-_57b239d3-b046-49e9-92b1-9410dd7d17d6.xml,Hillcrest Road (W3),51.506280,-0.278272,490003077T
WNGS_N30_WNGSUZ0000HCLN30N30_20250610_-_57b239d3-b046-49e9-92b1-9410dd7d17d6.xml,Gunnersbury Avenue (W3),51.501225,-0.284355,490007602W
WNGS_N30_WNGSUZ0000HCLN30N30_20250610_-_57b239d3-b046-49e9-92b1-9410dd7d17d6.xml,Acton Town,51.504019,-0.279841,490000002B
WNGS_N30_WNGSUZ0000HCLN30N30_20250610_-_57b239d3-b046-49e9-92b1-9410dd7d17d6.xml,Acton Town,51.502934,-0.280689,490000002RB7
WNGS_N30_WNGSUZ0000HCLN30N30_20250610_-_57b239d3-b046-49e9-92b1-9410dd7d17d6.xml,Gunnersbury Park,51.500914,-0.288920,490010522W
WNGS_N30_WNGSUZ0000HCLN30N30_20250610_-_57b239d3-b046-49e9-92b1-9410dd7d17d6.xml,Knights Avenue,51.501290,-0.294972,490008874W
WNGS_N30_WNGSUZ0000HCLN30N30_20250610_-_57b239d3-b046-49e9-92b1-9410dd7d17d6.xml,Gunnersbury Avenue (W3),51.501645,-0.283518,490007602E
WNGS_N30_WNGSUZ0000HCLN30N30_20250610_-_57b239d3-b046-49e9-92b1-9410dd7d17d6.xml,Gunnersbury Park,51.500910,-0.288012,490010522E
WNGS_N30_WNGSUZ0000HCLN30N30_20250610_-_57b239d3-b046-49e9-92b1-9410dd7d17d6.xml,South Ealing Road,51.498439,-0.304889,490012276W
WNGS_N30_WNGSUZ0000HCLN30N30_20250610_-_57b239d3-b046-49e9-92b1-9410dd7d17d6.xml,Knights Avenue,51.501655,-0.294093,490008874E
WNGS_N30_WNGSUZ0000HCLN30N30_20250610_-_57b239d3-b046-49e9-92b1-9410dd7d17d6.xml,Lionel Road North,51.499948,-0.299200,490009201E
WNGS_N30_WNGSUZ0000HCLN30N30_20250610_-_57b239d3-b046-49e9-92b1-9410dd7d17d6.xml,The Ride,51.492283,-0.317665,490013524S
WNGS_N30_WNGSUZ0000HCLN30N30_20250610_-_57b239d3-b046-49e9-92b1-9410dd7d17d6.xml,Manor Vale,51.490569,-0.316043,490009593S
WNGS_N30_WNGSUZ0000HCLN30N30_20250610_-_57b239d3-b046-49e9-92b1-9410dd7d17d6.xml,South Ealing Road,51.498158,-0.306629,490012276E
WNGS_N30_WNGSUZ0000HCLN30N30_20250610_-_57b239d3-b046-49e9-92b1-9410dd7d17d6.xml,Great West Road  Boston Manor Road,51.488605,-0.313897,490007424S
WNGS_N30_WNGSUZ0000HCLN30N30_20250610_-_57b239d3-b046-49e9-92b1-9410dd7d17d6.xml,Boston Manor Road,51.487071,-0.316028,490007421P
WNGS_N30_WNGSUZ0000HCLN30N30_20250610_-_57b239d3-b046-49e9-92b1-9410dd7d17d6.xml,West Cross Way,51.485212,-0.320619,490014417W
WNGS_N30_WNGSUZ0000HCLN30N30_20250610_-_57b239d3-b046-49e9-92b1-9410dd7d17d6.xml,St Francis Of Assisi Church,51.482819,-0.331263,490012686W
WNGS_N30_WNGSUZ0000HCLN30N30_20250610_-_57b239d3-b046-49e9-92b1-9410dd7d17d6.xml,Wood Lane Osterley,51.482604,-0.335707,490014873W
WNGS_N30_WNGSUZ0000HCLN30N30_20250610_-_57b239d3-b046-49e9-92b1-9410dd7d17d6.xml,Ridgeway Road  Great West Road,51.482251,-0.342518,490011577W
WNGS_N30_WNGSUZ0000HCLN30N30_20250610_-_57b239d3-b046-49e9-92b1-9410dd7d17d6.xml,Osterley Library,51.481820,-0.346422,490010658G
WNGS_N30_WNGSUZ0000HCLN30N30_20250610_-_57b239d3-b046-49e9-92b1-9410dd7d17d6.xml,Ealing Park Gardens,51.494018,-0.313870,490006294N
WNGS_N30_WNGSUZ0000HCLN30N30_20250610_-_57b239d3-b046-49e9-92b1-9410dd7d17d6.xml,Osterley,51.480655,-0.351778,490000171B
WNGS_N30_WNGSUZ0000HCLN30N30_20250610_-_57b239d3-b046-49e9-92b1-9410dd7d17d6.xml,Gresham Road,51.479698,-0.357962,490007524W
WNGS_N30_WNGSUZ0000HCLN30N30_20250610_-_57b239d3-b046-49e9-92b1-9410dd7d17d6.xml,St Faith's Church,51.491102,-0.310535,490012682N
WNGS_N30_WNGSUZ0000HCLN30N30_20250610_-_57b239d3-b046-49e9-92b1-9410dd7d17d6.xml,Windmill Road South Ealing,51.489895,-0.309773,490014772Q
WNGS_N30_WNGSUZ0000HCLN30N30_20250610_-_57b239d3-b046-49e9-92b1-9410dd7d17d6.xml,Lampton Road,51.478984,-0.363489,490008925W
WNGS_N30_WNGSUZ0000HCLN30N30_20250610_-_57b239d3-b046-49e9-92b1-9410dd7d17d6.xml,Sutton Lane Great West Road,51.477939,-0.371720,490013078W
WNGS_N30_WNGSUZ0000HCLN30N30_20250610_-_57b239d3-b046-49e9-92b1-9410dd7d17d6.xml,Boston Manor Road,51.487940,-0.314520,490007424O
WNGS_N30_WNGSUZ0000HCLN30N30_20250610_-_57b239d3-b046-49e9-92b1-9410dd7d17d6.xml,West Cross Way,51.485390,-0.320750,490014417E
WNGS_N30_WNGSUZ0000HCLN30N30_20250610_-_57b239d3-b046-49e9-92b1-9410dd7d17d6.xml,Burton Gardens,51.477070,-0.378447,490004629W
WNGS_N30_WNGSUZ0000HCLN30N30_20250610_-_57b239d3-b046-49e9-92b1-9410dd7d17d6.xml,Vicarage Farm Road,51.476430,-0.382891,490014037W
WNGS_N30_WNGSUZ0000HCLN30N30_20250610_-_57b239d3-b046-49e9-92b1-9410dd7d17d6.xml,West Cross Centre,51.483990,-0.324490,490014416D
WNGS_N30_WNGSUZ0000HCLN30N30_20250610_-_57b239d3-b046-49e9-92b1-9410dd7d17d6.xml,Gillette Corner,51.483230,-0.328590,490007179E
WNGS_N30_WNGSUZ0000HCLN30N30_20250610_-_57b239d3-b046-49e9-92b1-9410dd7d17d6.xml,Great West Road  Basildene Road,51.474633,-0.392156,490007425W
WNGS_N30_WNGSUZ0000HCLN30N30_20250610_-_57b239d3-b046-49e9-92b1-9410dd7d17d6.xml,Henlys Roundabout,51.474763,-0.397090,490015462W
WNGS_N30_WNGSUZ0000HCLN30N30_20250610_-_57b239d3-b046-49e9-92b1-9410dd7d17d6.xml,St Francis Of Assisi Church,51.482990,-0.331550,490012686E
WNGS_N30_WNGSUZ0000HCLN30N30_20250610_-_57b239d3-b046-49e9-92b1-9410dd7d17d6.xml,Wood Lane Osterley,51.482680,-0.337740,490014873E
WNGS_N30_WNGSUZ0000HCLN30N30_20250610_-_57b239d3-b046-49e9-92b1-9410dd7d17d6.xml,Grantley Road,51.473692,-0.400324,490007370W
WNGS_N30_WNGSUZ0000HCLN30N30_20250610_-_57b239d3-b046-49e9-92b1-9410dd7d17d6.xml,The Parkway Hatton,51.472473,-0.403866,490013285W
WNGS_N30_WNGSUZ0000HCLN30N30_20250610_-_57b239d3-b046-49e9-92b1-9410dd7d17d6.xml,Ridgeway Road / Great West Road,51.482480,-0.342550,490011577E
WNGS_N30_WNGSUZ0000HCLN30N30_20250610_-_57b239d3-b046-49e9-92b1-9410dd7d17d6.xml,Osterley Library,51.482190,-0.345280,490010658F
WNGS_N30_WNGSUZ0000HCLN30N30_20250610_-_57b239d3-b046-49e9-92b1-9410dd7d17d6.xml,Girling Way,51.469206,-0.413627,490007196W
WNGS_N30_WNGSUZ0000HCLN30N30_20250610_-_57b239d3-b046-49e9-92b1-9410dd7d17d6.xml,Osterley,51.480872,-0.351886,490000171A
WNGS_N30_WNGSUZ0000HCLN30N30_20250610_-_57b239d3-b046-49e9-92b1-9410dd7d17d6.xml,Gresham Road,51.479924,-0.358012,490007524E
WNGS_N30_WNGSUZ0000HCLN30N30_20250610_-_57b239d3-b046-49e9-92b1-9410dd7d17d6.xml,"Hatton Cross Station, Stop A",51.466743,-0.423718,490000103E
WNGS_N30_WNGSUZ0000HCLN30N30_20250610_-_57b239d3-b046-49e9-92b1-9410dd7d17d6.xml,Lampton Road,51.479196,-0.363827,490008925E
WNGS_N30_WNGSUZ0000HCLN30N30_20250610_-_57b239d3-b046-49e9-92b1-9410dd7d17d6.xml,Sutton Lane Great West Road,51.477929,-0.374241,490013078E
WNGS_N30_WNGSUZ0000HCLN30N30_20250610_-_57b239d3-b046-49e9-92b1-9410dd7d17d6.xml,Greencroft Road,51.477259,-0.378498,490007436E
WNGS_N30_WNGSUZ0000HCLN30N30_20250610_-_57b239d3-b046-49e9-92b1-9410dd7d17d6.xml,Henlys Roundabout,51.474570,-0.398710,490015462E
WNGS_N30_WNGSUZ0000HCLN30N30_20250610_-_57b239d3-b046-49e9-92b1-9410dd7d17d6.xml,Grantley Road,51.473866,-0.400505,490007370E
WNGS_N30_WNGSUZ0000HCLN30N30_20250610_-_57b239d3-b046-49e9-92b1-9410dd7d17d6.xml,The Parkway Hatton,51.472787,-0.403855,490013285E
WNGS_N30_WNGSUZ0000HCLN30N30_20250610_-_57b239d3-b046-49e9-92b1-9410dd7d17d6.xml,Girling Way,51.469775,-0.412441,490007196E
WNGS_N30_WNGSUZ0000HCLN30N30_20250610_-_57b239d3-b046-49e9-92b1-9410dd7d17d6.xml,Hatton Cross Station,51.466774,-0.423342,490000103D
WNGS_N30_WNGSUZ0000HCLN30N30_20250610_-_57b239d3-b046-49e9-92b1-9410dd7d17d6.xml,"Heathrow Airport Terminal 4, Starlight Way (E-bound)",51.459999,-0.441086,490012056E
WNGS_N30_WNGSUZ0000HCLN30N30_20250610_-_57b239d3-b046-49e9-92b1-9410dd7d17d6.xml,Heathrow Terminal 4,51.459585,-0.445821,490000104N
WNGS_N30_WNGSUZ0000HCLN30N30_20250610_-_57b239d3-b046-49e9-92b1-9410dd7d17d6.xml,Heathrow Terminal 4,51.459037,-0.446626,490000104E
WNGS_N30_WNGSUZ0000HCLN30N30_20250610_-_57b239d3-b046-49e9-92b1-9410dd7d17d6.xml,"Heathrow Airport, Scylla Road (W-bound)",51.456577,-0.447550,490011963W
WNGS_N30_WNGSUZ0000HCLN30N30_20250610_-_57b239d3-b046-49e9-92b1-9410dd7d17d6.xml,"Cargo, Sealand Rd",51.458719,-0.460643,490004355N
WNGS_N30_WNGSUZ0000HCLN30N30_20250610_-_57b239d3-b046-49e9-92b1-9410dd7d17d6.xml,"Heathrow Airport, Scylla Road (E-bound)",51.456312,-0.449272,490011963E
WNGS_N30_WNGSUZ0000HCLN30N30_20250610_-_57b239d3-b046-49e9-92b1-9410dd7d17d6.xml,"Cargo, Stirling Rd",51.458771,-0.468054,490015440S
WNGS_N30_WNGSUZ0000HCLN30N30_20250610_-_57b239d3-b046-49e9-92b1-9410dd7d17d6.xml,Heathrow Terminal 5,51.470780,-0.489826,49001643021
WNGS_N30_WNGSUZ0000HCLN30N30_20250610_-_57b239d3-b046-49e9-92b1-9410dd7d17d6.xml,Heathrow Terminal 5,51.470663,-0.489844,49001643020
WNGS_N30_WNGSUZ0000HCLN30N30_20250610_-_57b239d3-b046-49e9-92b1-9410dd7d17d6.xml,Newbury Road  Compass Centre,51.481098,-0.465910,490010197E
WNGS_N30_WNGSUZ0000HCLN30N30_20250610_-_57b239d3-b046-49e9-92b1-9410dd7d17d6.xml,Heathrow Central Bus Station,51.471369,-0.453680,4900801620
WNGS_N555_WNGSPK113586241N555_20250825_-_47471905-4b3e-41cb-8444-d45cb15be1f1.xml,Heathrow Central Bus Station,51.471369,-0.453680,4900801620
WNGS_N555_WNGSPK113586241N555_20250825_-_47471905-4b3e-41cb-8444-d45cb15be1f1.xml,"Sipson, Nene Road (Stop BJ)",51.481438,-0.448205,490012176E
WNGS_N555_WNGSPK113586241N555_20250825_-_47471905-4b3e-41cb-8444-d45cb15be1f1.xml,"Sipson, Nene Road (Stop BM)",51.481011,-0.447704,490012176W
WNGS_N555_WNGSPK113586241N555_20250825_-_47471905-4b3e-41cb-8444-d45cb15be1f1.xml,"Harlington, Mondial Way (Stop BL)",51.480979,-0.444590,490004149W
WNGS_N555_WNGSPK113586241N555_20250825_-_47471905-4b3e-41cb-8444-d45cb15be1f1.xml,"Harlington, Hatton Road North (Stop K)",51.479478,-0.432487,490010377F
WNGS_N555_WNGSPK113586241N555_20250825_-_47471905-4b3e-41cb-8444-d45cb15be1f1.xml,"Hatton Cross, Eastchurch Road (Stop S-bound)",51.477068,-0.426464,490010349S
WNGS_N555_WNGSPK113586241N555_20250825_-_47471905-4b3e-41cb-8444-d45cb15be1f1.xml,"Harlington, Harlington Corner (Stop J)",51.480581,-0.435617,490007811D
WNGS_N555_WNGSPK113586241N555_20250825_-_47471905-4b3e-41cb-8444-d45cb15be1f1.xml,"Harlington, Hatton Road North (Stop M)",51.479879,-0.433582,490007905E
WNGS_N555_WNGSPK113586241N555_20250825_-_47471905-4b3e-41cb-8444-d45cb15be1f1.xml,Envoy Avenue,,,490017652W
WNGS_N555_WNGSPK113586241N555_20250825_-_47471905-4b3e-41cb-8444-d45cb15be1f1.xml,Hatton Cross Station (Stop C),51.466908,-0.423231,490000103C
WNGS_N555_WNGSPK113586241N555_20250825_-_47471905-4b3e-41cb-8444-d45cb15be1f1.xml,"Harlington, Northrop Road (Stop L)",51.478934,-0.426803,490010349N
WNGS_N555_WNGSPK113586241N555_20250825_-_47471905-4b3e-41cb-8444-d45cb15be1f1.xml,"Hatton Cross, Cranford Lane, Hatton Cross (Stop W-bound)",51.476117,-0.425287,490000384Z
WNGS_N555_WNGSPK113586241N555_20250825_-_47471905-4b3e-41cb-8444-d45cb15be1f1.xml,"Heathrow Airport, Sheffield Way (W-bound)",51.460096,-0.438981,490012056W
WNGS_N555_WNGSPK113586241N555_20250825_-_47471905-4b3e-41cb-8444-d45cb15be1f1.xml,Heathrow Terminal 4,51.459585,-0.445821,490000104N
WNGS_N555_WNGSPK113586241N555_20250825_-_47471905-4b3e-41cb-8444-d45cb15be1f1.xml,"Hatton Cross, Envoy Avenue (Stop K)",51.468653,-0.421872,490017652E
WNGS_N555_WNGSPK113586241N555_20250825_-_47471905-4b3e-41cb-8444-d45cb15be1f1.xml,Terminal 4,51.458719,-0.446973,49000010410
WNGS_N555_WNGSPK113586241N555_20250825_-_47471905-4b3e-41cb-8444-d45cb15be1f1.xml,"Heathrow Airport, Scylla Road (W-bound)",51.456577,-0.447550,490011963W
WNGS_N555_WNGSPK113586241N555_20250825_-_47471905-4b3e-41cb-8444-d45cb15be1f1.xml,"Heathrow Airport Terminal 4, Starlight Way (E-bound)",51.459999,-0.441086,490012056E
WNGS_N555_WNGSPK113586241N555_20250825_-_47471905-4b3e-41cb-8444-d45cb15be1f1.xml,Heathrow Terminal 4,51.459037,-0.446626,490000104E
WNGS_N555_WNGSPK113586241N555_20250825_-_47471905-4b3e-41cb-8444-d45cb15be1f1.xml,"Heathrow Airport, Scylla Road (E-bound)",51.456312,-0.449272,490011963E
WNGS_N555_WNGSPK113586241N555_20250825_-_47471905-4b3e-41cb-8444-d45cb15be1f1.xml,"East Bedfont, Beacon Road (NW-bound)",51.455201,-0.456333,490003704NW
WNGS_N555_WNGSPK113586241N555_20250825_-_47471905-4b3e-41cb-8444-d45cb15be1f1.xml,"East Bedfont, Beacon Road (SE-bound)",51.455491,-0.456525,490003704SE
WNGS_N555_WNGSPK113586241N555_20250825_-_47471905-4b3e-41cb-8444-d45cb15be1f1.xml,"West Bedfont, opp Long Lane",51.457299,-0.462725,40004402007B
WNGS_N555_WNGSPK113586241N555_20250825_-_47471905-4b3e-41cb-8444-d45cb15be1f1.xml,"West Bedfont, adj Long Lane",51.457220,-0.463563,40004402007A
WNGS_N555_WNGSPK113586241N555_20250825_-_47471905-4b3e-41cb-8444-d45cb15be1f1.xml,"Stanwell, Bedfont Road (SW-bound)",51.457952,-0.471383,40004402008A
WNGS_N555_WNGSPK113586241N555_20250825_-_47471905-4b3e-41cb-8444-d45cb15be1f1.xml,"Stanwell, Bedfont Road (NE-bound)",51.457741,-0.471779,40004402008B
WNGS_N555_WNGSPK113586241N555_20250825_-_47471905-4b3e-41cb-8444-d45cb15be1f1.xml,"Stanwell, adj Everest Road",51.455108,-0.473320,40004402009B
WNGS_N555_WNGSPK113586241N555_20250825_-_47471905-4b3e-41cb-8444-d45cb15be1f1.xml,"Stanwell, opp Everest Road",51.454721,-0.473247,40004402009A
WNGS_N555_WNGSPK113586241N555_20250825_-_47471905-4b3e-41cb-8444-d45cb15be1f1.xml,"Stanwell, adj Cordelia Road",51.453111,-0.473257,40004402010A
WNGS_N555_WNGSPK113586241N555_20250825_-_47471905-4b3e-41cb-8444-d45cb15be1f1.xml,"Stanwell, opp Cordelia Road",51.453375,-0.473464,40004402010B
WNGS_N555_WNGSPK113586241N555_20250825_-_47471905-4b3e-41cb-8444-d45cb15be1f1.xml,"Stanwell, opp Happy Landing",51.451187,-0.476027,40004402011B
WNGS_N555_WNGSPK113586241N555_20250825_-_47471905-4b3e-41cb-8444-d45cb15be1f1.xml,"Stanwell, adj Happy Landing",51.450475,-0.476569,40004402011A
WNGS_N555_WNGSPK113586241N555_20250825_-_47471905-4b3e-41cb-8444-d45cb15be1f1.xml,"Stanwell, opp St Annes Avenue",51.448952,-0.478419,40004402012A
WNGS_N555_WNGSPK113586241N555_20250825_-_47471905-4b3e-41cb-8444-d45cb15be1f1.xml,"Stanwell, adj St Annes Avenue",51.449366,-0.478477,40004402012B
WNGS_N555_WNGSPK113586241N555_20250825_-_47471905-4b3e-41cb-8444-d45cb15be1f1.xml,"Stanwell, opp Scots Close",51.447113,-0.478091,40004402013B
WNGS_N555_WNGSPK113586241N555_20250825_-_47471905-4b3e-41cb-8444-d45cb15be1f1.xml,"Stanwell, adj Scots Close",51.446338,-0.477239,40004402013A
WNGS_N555_WNGSPK113586241N555_20250825_-_47471905-4b3e-41cb-8444-d45cb15be1f1.xml,"Ashford, Ashford Hospital Entrance (SW-bound)",51.444086,-0.474911,40004402014A
WNGS_N555_WNGSPK113586241N555_20250825_-_47471905-4b3e-41cb-8444-d45cb15be1f1.xml,"Ashford, opp Ashford Hospital Entrance",51.444099,-0.475889,40004402014B
WNGS_N555_WNGSPK113586241N555_20250825_-_47471905-4b3e-41cb-8444-d45cb15be1f1.xml,"Ashford, opp Bulldog",51.441647,-0.474057,40004402017E
WNGS_N555_WNGSPK113586241N555_20250825_-_47471905-4b3e-41cb-8444-d45cb15be1f1.xml,"Ashford, adj Bulldog",51.442149,-0.473911,40004402017C
WNGS_N555_WNGSPK113586241N555_20250825_-_47471905-4b3e-41cb-8444-d45cb15be1f1.xml,"Ashford, opp Salcombe Road",51.439271,-0.471805,40004402108A
WNGS_N555_WNGSPK113586241N555_20250825_-_47471905-4b3e-41cb-8444-d45cb15be1f1.xml,"Ashford, adj Salcombe Road",51.440106,-0.473115,40004402108B
WNGS_N555_WNGSPK113586241N555_20250825_-_47471905-4b3e-41cb-8444-d45cb15be1f1.xml,"Ashford, adj Station Crescent",51.438084,-0.470435,40004402107B
WNGS_N555_WNGSPK113586241N555_20250825_-_47471905-4b3e-41cb-8444-d45cb15be1f1.xml,"Ashford, opp Station Crescent",51.437818,-0.469336,40004402107A
WNGS_N555_WNGSPK113586241N555_20250825_-_47471905-4b3e-41cb-8444-d45cb15be1f1.xml,"Ashford, opp Dudley Road",51.434537,-0.465316,40004402156B
WNGS_N555_WNGSPK113586241N555_20250825_-_47471905-4b3e-41cb-8444-d45cb15be1f1.xml,"Ashford, adj Dudley Road",51.434432,-0.465493,40004402156A
WNGS_N555_WNGSPK113586241N555_20250825_-_47471905-4b3e-41cb-8444-d45cb15be1f1.xml,"Ashford, War Memorial (NW-bound)",51.432532,-0.461183,40004402106B
WNGS_N555_WNGSPK113586241N555_20250825_-_47471905-4b3e-41cb-8444-d45cb15be1f1.xml,"Ashford, War Memorial (SE-bound)",51.432504,-0.460436,40004402106A
WNGS_N555_WNGSPK113586241N555_20250825_-_47471905-4b3e-41cb-8444-d45cb15be1f1.xml,"Ashford, opp Town Tree Road",51.432010,-0.455043,40004402169B
WNGS_N555_WNGSPK113586241N555_20250825_-_47471905-4b3e-41cb-8444-d45cb15be1f1.xml,"Ashford, on Town Tree Road",51.431443,-0.457048,40004402169A
WNGS_N555_WNGSPK113586241N555_20250825_-_47471905-4b3e-41cb-8444-d45cb15be1f1.xml,"Ashford, opp The Ash Tree",51.429757,-0.453968,40004402100B
WNGS_N555_WNGSPK113586241N555_20250825_-_47471905-4b3e-41cb-8444-d45cb15be1f1.xml,"Ashford, o/s The Ash Tree",51.429137,-0.453285,40004402100A
WNGS_N555_WNGSPK113586241N555_20250825_-_47471905-4b3e-41cb-8444-d45cb15be1f1.xml,"Ashford, opp Chessholme Road",51.427926,-0.448737,40004402096B
WNGS_N555_WNGSPK113586241N555_20250825_-_47471905-4b3e-41cb-8444-d45cb15be1f1.xml,"Ashford, opp Dingle Road",51.428281,-0.451846,40004402097B
WNGS_N555_WNGSPK113586241N555_20250825_-_47471905-4b3e-41cb-8444-d45cb15be1f1.xml,"Ashford, adj Chessholme Road",51.427574,-0.447296,40004402096A
WNGS_N555_WNGSPK113586241N555_20250825_-_47471905-4b3e-41cb-8444-d45cb15be1f1.xml,"Ashford, opp Elgin Avenue",51.426842,-0.441596,40004402095B
WNGS_N555_WNGSPK113586241N555_20250825_-_47471905-4b3e-41cb-8444-d45cb15be1f1.xml,"Ashford Common, o/s Spelthorne Junior School",51.425916,-0.435557,40004402094B
WNGS_N555_WNGSPK113586241N555_20250825_-_47471905-4b3e-41cb-8444-d45cb15be1f1.xml,"Ashford, adj Elgin Avenue",51.426843,-0.442387,40004402095A
WNGS_N555_WNGSPK113586241N555_20250825_-_47471905-4b3e-41cb-8444-d45cb15be1f1.xml,"Ashford Common, opp Spelthorne Junior School",51.425702,-0.435032,40004402094A
WNGS_N555_WNGSPK113586241N555_20250825_-_47471905-4b3e-41cb-8444-d45cb15be1f1.xml,"Ashford Common, opp Saville Crescent",51.424999,-0.434898,40004402092B
WNGS_N555_WNGSPK113586241N555_20250825_-_47471905-4b3e-41cb-8444-d45cb15be1f1.xml,"Ashford Common, opp Norman Road",51.422529,-0.439197,40004402091D
WNGS_N555_WNGSPK113586241N555_20250825_-_47471905-4b3e-41cb-8444-d45cb15be1f1.xml,"Ashford Common, adj Saville Crescent",51.425178,-0.434863,40004402092A
WNGS_N555_WNGSPK113586241N555_20250825_-_47471905-4b3e-41cb-8444-d45cb15be1f1.xml,"Ashford Common, adj Norman Road",51.422910,-0.438709,40004402091C
WNGS_N555_WNGSPK113586241N555_20250825_-_47471905-4b3e-41cb-8444-d45cb15be1f1.xml,"Ashford Common, adj Napier Road",51.421540,-0.436498,40004402067A
WNGS_N555_WNGSPK113586241N555_20250825_-_47471905-4b3e-41cb-8444-d45cb15be1f1.xml,"Ashford Common, opp Napier Road",51.421176,-0.435503,40004402067B
WNGS_N555_WNGSPK113586241N555_20250825_-_47471905-4b3e-41cb-8444-d45cb15be1f1.xml,"Sunbury, opp Windmill Road",51.420558,-0.428908,40004402066B
WNGS_N555_WNGSPK113586241N555_20250825_-_47471905-4b3e-41cb-8444-d45cb15be1f1.xml,"Sunbury, adj Windmill Road",51.420264,-0.428473,40004402066A
WNGS_N555_WNGSPK113586241N555_20250825_-_47471905-4b3e-41cb-8444-d45cb15be1f1.xml,"Sunbury, o/s Tesco",51.417717,-0.425641,40004402636A
WNGS_N555_WNGSPK113586241N555_20250825_-_47471905-4b3e-41cb-8444-d45cb15be1f1.xml,"Sunbury, opp Spelthorne Grove",51.419985,-0.424455,40004402065A
WNGS_N555_WNGSPK113586241N555_20250825_-_47471905-4b3e-41cb-8444-d45cb15be1f1.xml,"Sunbury, adj Spelthorne Grove",51.419792,-0.424807,40004402065B
WNGS_N555_WNGSPK113586241N555_20250825_-_47471905-4b3e-41cb-8444-d45cb15be1f1.xml,"Sunbury, adj Sunbury Cross Shopping Centre",51.419348,-0.421241,40004402064D
WNGS_N555_WNGSPK113586241N555_20250825_-_47471905-4b3e-41cb-8444-d45cb15be1f1.xml,"Sunbury, opp Sunbury Cross Shopping Centre",51.419525,-0.421005,40004402064C
WNGS_N555_WNGSPK113586241N555_20250825_-_47471905-4b3e-41cb-8444-d45cb15be1f1.xml,"Sunbury, opp St Ignatius Church",51.416042,-0.418738,40004402057B
WNGS_N555_WNGSPK113586241N555_20250825_-_47471905-4b3e-41cb-8444-d45cb15be1f1.xml,"Sunbury, Green Street (N-bound)",51.418385,-0.419146,40004402058A
WNGS_N555_WNGSPK113586241N555_20250825_-_47471905-4b3e-41cb-8444-d45cb15be1f1.xml,"Sunbury, o/s St Ignatius Church",51.415322,-0.418705,40004402057A
WNGS_N555_WNGSPK113586241N555_20250825_-_47471905-4b3e-41cb-8444-d45cb15be1f1.xml,"Sunbury, opp Nursery Road",51.413632,-0.418116,40004402176A
WNGS_N555_WNGSPK113586241N555_20250825_-_47471905-4b3e-41cb-8444-d45cb15be1f1.xml,"Sunbury, adj Manor Lane",51.410266,-0.416536,40004402056B
WNGS_N555_WNGSPK113586241N555_20250825_-_47471905-4b3e-41cb-8444-d45cb15be1f1.xml,"Sunbury, opp Manor Lane",51.412054,-0.417797,40004402056A
WNGS_N555_WNGSPK113586241N555_20250825_-_47471905-4b3e-41cb-8444-d45cb15be1f1.xml,"Sunbury, adj Croysdale Avenue",51.408537,-0.415733,40004402055A
WNGS_N555_WNGSPK113586241N555_20250825_-_47471905-4b3e-41cb-8444-d45cb15be1f1.xml,"Sunbury, opp Croysdale Avenue",51.408416,-0.415406,40004402055B
WNGS_N555_WNGSPK113586241N555_20250825_-_47471905-4b3e-41cb-8444-d45cb15be1f1.xml,The Three Fishes,51.406026,-0.413562,40004402054B
WNGS_N555_WNGSPK113586241N555_20250825_-_47471905-4b3e-41cb-8444-d45cb15be1f1.xml,"Sunbury, o/s The Three Fishes",51.405729,-0.413515,40004402054A
WNGS_N555_WNGSPK113586241N555_20250825_-_47471905-4b3e-41cb-8444-d45cb15be1f1.xml,"Sunbury, adj Green Way",51.402571,-0.418052,40004402051A
WNGS_N555_WNGSPK113586241N555_20250825_-_47471905-4b3e-41cb-8444-d45cb15be1f1.xml,"Sunbury, Church Street (SE-bound)",51.404807,-0.411218,40004402053A
WNGS_N555_WNGSPK113586241N555_20250825_-_47471905-4b3e-41cb-8444-d45cb15be1f1.xml,"Sunbury, opp Green Way",51.402944,-0.416415,40004402051B
WNGS_N555_WNGSPK113586241N555_20250825_-_47471905-4b3e-41cb-8444-d45cb15be1f1.xml,"Upper Halliford, adj Highfield Road",51.400505,-0.424923,40004402050B
WNGS_N555_WNGSPK113586241N555_20250825_-_47471905-4b3e-41cb-8444-d45cb15be1f1.xml,"Upper Halliford, opp Highfield Road",51.401083,-0.423797,40004402050A
WNGS_N555_WNGSPK113586241N555_20250825_-_47471905-4b3e-41cb-8444-d45cb15be1f1.xml,"Upper Halliford, opp Roxford Close",51.399819,-0.432120,40004402146B
WNGS_N555_WNGSPK113586241N555_20250825_-_47471905-4b3e-41cb-8444-d45cb15be1f1.xml,"Upper Halliford, adj Roxford Close",51.399406,-0.432149,40004402044B
WNGS_N555_WNGSPK113586241N555_20250825_-_47471905-4b3e-41cb-8444-d45cb15be1f1.xml,"Shepperton, adj Russington Road",51.396744,-0.436179,40004402040B
WNGS_N555_WNGSPK113586241N555_20250825_-_47471905-4b3e-41cb-8444-d45cb15be1f1.xml,"Shepperton, opp Russington Road",51.396932,-0.435454,40004402040A
WNGS_N555_WNGSPK113586241N555_20250825_-_47471905-4b3e-41cb-8444-d45cb15be1f1.xml,"Shepperton, opp Manygate Lane",51.396348,-0.443552,40004402039A
WNGS_N555_WNGSPK113586241N555_20250825_-_47471905-4b3e-41cb-8444-d45cb15be1f1.xml,"Shepperton, adj Manygate Lane",51.396363,-0.441352,40004402039B
WNGS_N555_WNGSPK113586241N555_20250825_-_47471905-4b3e-41cb-8444-d45cb15be1f1.xml,"Shepperton, opp Shepperton Station Approach",51.395945,-0.447116,40004402038B
WNGS_N555_WNGSPK113586241N555_20250825_-_47471905-4b3e-41cb-8444-d45cb15be1f1.xml,"Shepperton, on Shepperton Station Approach",51.396048,-0.448047,40004402038A
WNGS_N555_WNGSPK113586241N555_20250825_-_47471905-4b3e-41cb-8444-d45cb15be1f1.xml,"Shepperton, High Street (N-bound)",51.391727,-0.449774,40004402037A
WNGS_N555_WNGSPK113586241N555_20250825_-_47471905-4b3e-41cb-8444-d45cb15be1f1.xml,"Shepperton, High Street (S-bound)",51.392054,-0.449347,40004402037B
WNGS_N555_WNGSPK113586241N555_20250825_-_47471905-4b3e-41cb-8444-d45cb15be1f1.xml,"Shepperton, adj Wadham Close",51.390006,-0.445406,40004402174A
WNGS_N555_WNGSPK113586241N555_20250825_-_47471905-4b3e-41cb-8444-d45cb15be1f1.xml,"Shepperton, opp Wadham Close",51.389869,-0.444562,40004402174B
WNGS_N555_WNGSPK113586241N555_20250825_-_47471905-4b3e-41cb-8444-d45cb15be1f1.xml,"Lower Halliford, opp Gordon Drive",51.391115,-0.438886,40004402173B
WNGS_N555_WNGSPK113586241N555_20250825_-_47471905-4b3e-41cb-8444-d45cb15be1f1.xml,"Lower Halliford, adj Gordon Drive",51.391215,-0.438997,40004402173A
WNGS_N555_WNGSPK113586241N555_20250825_-_47471905-4b3e-41cb-8444-d45cb15be1f1.xml,"Lower Halliford, Marshalls Roundabout (SE-bound)",51.391671,-0.434742,40004402042A
WNGS_N555_WNGSPK113586241N555_20250825_-_47471905-4b3e-41cb-8444-d45cb15be1f1.xml,"Lower Halliford, Marshalls Roundabout (NW-bound)",51.391766,-0.435098,40004402042B
WNGS_N555_WNGSPK113586241N555_20250825_-_47471905-4b3e-41cb-8444-d45cb15be1f1.xml,"Lower Halliford, opp Swan Walk",51.388937,-0.432694,40004402041A
WNGS_N555_WNGSPK113586241N555_20250825_-_47471905-4b3e-41cb-8444-d45cb15be1f1.xml,"Lower Halliford, adj Swan Walk",51.389068,-0.432402,40004402041B
WNGS_N555_WNGSPK113586241N555_20250825_-_47471905-4b3e-41cb-8444-d45cb15be1f1.xml,"Walton-on-Thames, The Bear (Stop C)",51.386986,-0.421953,40004405045A
WNGS_N555_WNGSPK113586241N555_20250825_-_47471905-4b3e-41cb-8444-d45cb15be1f1.xml,"Walton-on-Thames, Hepworth Way (Stop D)",51.385750,-0.421032,40004405046B
WNGS_RHU_WNGSPK113586239RHU_20240923_-_db3d1cef-a2a5-47e8-b514-de4d145a6884.xml,Egham Station,51.429806,-0.547758,40004401065A
WNGS_RHU_WNGSPK113586239RHU_20240923_-_db3d1cef-a2a5-47e8-b514-de4d145a6884.xml,Egham Station,51.428715,-0.546800,40004401065B
WNGS_RHU_WNGSPK113586239RHU_20240923_-_db3d1cef-a2a5-47e8-b514-de4d145a6884.xml,Church Road,51.430993,-0.549260,40004401026B
WNGS_RHU_WNGSPK113586239RHU_20240923_-_db3d1cef-a2a5-47e8-b514-de4d145a6884.xml,Church Road,51.431117,-0.549126,40004401026A
WNGS_RHU_WNGSPK113586239RHU_20240923_-_db3d1cef-a2a5-47e8-b514-de4d145a6884.xml,Langham Place,51.431778,-0.553076,40004401025B
WNGS_RHU_WNGSPK113586239RHU_20240923_-_db3d1cef-a2a5-47e8-b514-de4d145a6884.xml,Langham Place,51.431639,-0.553454,40004401025A
WNGS_RHU_WNGSPK113586239RHU_20240923_-_db3d1cef-a2a5-47e8-b514-de4d145a6884.xml,Middle Hill,51.430042,-0.557461,40004401024A
WNGS_RHU_WNGSPK113586239RHU_20240923_-_db3d1cef-a2a5-47e8-b514-de4d145a6884.xml,Middle Hill,51.430013,-0.558023,40004401024B
WNGS_RHU_WNGSPK113586239RHU_20240923_-_db3d1cef-a2a5-47e8-b514-de4d145a6884.xml,Chestnut Drive,51.427908,-0.563771,40004401023B
WNGS_RHU_WNGSPK113586239RHU_20240923_-_db3d1cef-a2a5-47e8-b514-de4d145a6884.xml,Chestnut Drive,51.427469,-0.564676,40004401023A
WNGS_RHU_WNGSPK113586239RHU_20240923_-_db3d1cef-a2a5-47e8-b514-de4d145a6884.xml,Royal Holloway College,51.425995,-0.567628,40004401022A
WNGS_RHU_WNGSPK113586239RHU_20240923_-_db3d1cef-a2a5-47e8-b514-de4d145a6884.xml,Founders Building,51.425001,-0.568752,40004401021A
WNGS_RHU_WNGSPK113586239RHU_20240923_-_db3d1cef-a2a5-47e8-b514-de4d145a6884.xml,St Jude's Cemetery,51.427179,-0.572597,40004401014B
WNGS_RHU_WNGSPK113586239RHU_20240923_-_db3d1cef-a2a5-47e8-b514-de4d145a6884.xml,St Jude's Cemetery,51.427047,-0.572845,40004401014A
WNGS_RHU_WNGSPK113586239RHU_20240923_-_db3d1cef-a2a5-47e8-b514-de4d145a6884.xml,The Holly Tree,51.428674,-0.572737,40004401013A
WNGS_RHU_WNGSPK113586239RHU_20240923_-_db3d1cef-a2a5-47e8-b514-de4d145a6884.xml,The Holly tree,51.428770,-0.572547,40004401013B
WNGS_RHU_WNGSPK113586239RHU_20240923_-_db3d1cef-a2a5-47e8-b514-de4d145a6884.xml,Blay's Lane,51.429586,-0.576017,40004401012A
WNGS_RHU_WNGSPK113586239RHU_20240923_-_db3d1cef-a2a5-47e8-b514-de4d145a6884.xml,Blay's Lane,51.429729,-0.575970,40004401012B
WNGS_RHU_WNGSPK113586239RHU_20240923_-_db3d1cef-a2a5-47e8-b514-de4d145a6884.xml,Kingsley Avenue,51.429031,-0.580681,40004401011B
WNGS_RHU_WNGSPK113586239RHU_20240923_-_db3d1cef-a2a5-47e8-b514-de4d145a6884.xml,Elmbank Avenue,51.425454,-0.580130,40004401007A
WNGS_RHU_WNGSPK113586239RHU_20240923_-_db3d1cef-a2a5-47e8-b514-de4d145a6884.xml,Larchwood Drive,51.427901,-0.580932,40004401010B
WNGS_RHU_WNGSPK113586239RHU_20240923_-_db3d1cef-a2a5-47e8-b514-de4d145a6884.xml,Cherrywood Avenue,51.424774,-0.582596,40004401008A
WNGS_RHU_WNGSPK113586239RHU_20240923_-_db3d1cef-a2a5-47e8-b514-de4d145a6884.xml,Beechtree Avenue,51.426418,-0.583265,40004401009A
WNGS_RHU_WNGSPK113586239RHU_20240923_-_db3d1cef-a2a5-47e8-b514-de4d145a6884.xml,St Jude's Close,51.430486,-0.573112,40004401155B
WNGS_RHU_WNGSPK113586239RHU_20240923_-_db3d1cef-a2a5-47e8-b514-de4d145a6884.xml,St Jude's Close,51.430551,-0.573340,40004401155A
WNGS_RHU_WNGSPK113586239RHU_20240923_-_db3d1cef-a2a5-47e8-b514-de4d145a6884.xml,Barley Mow Road,51.432926,-0.574115,40004401006A
WNGS_RHU_WNGSPK113586239RHU_20240923_-_db3d1cef-a2a5-47e8-b514-de4d145a6884.xml,Barley Mow Road,51.432309,-0.573674,40004401006B
WNGS_RHU_WNGSPK113586239RHU_20240923_-_db3d1cef-a2a5-47e8-b514-de4d145a6884.xml,Middle Hill,51.434557,-0.573647,40004401005B
WNGS_RHU_WNGSPK113586239RHU_20240923_-_db3d1cef-a2a5-47e8-b514-de4d145a6884.xml,Middle Hill,51.435704,-0.574072,40004401005A
WNGS_RHU_WNGSPK113586239RHU_20240923_-_db3d1cef-a2a5-47e8-b514-de4d145a6884.xml,Hox Park,51.437193,-0.568601,40004406991A
WNGS_RHU_WNGSPK113586239RHU_20240923_-_db3d1cef-a2a5-47e8-b514-de4d145a6884.xml,Cooper's Hill Lane,51.438927,-0.575137,40004401004B
WNGS_RHU_WNGSPK113586239RHU_20240923_-_db3d1cef-a2a5-47e8-b514-de4d145a6884.xml,Hox Park,51.437128,-0.568474,40004406991B
